"1","Brass: Birmingham","ブラス：バーミンガム","2018","8.409","3.87","3,4","Gavan Brown,Matt Tolman,Martin Wallace","https://boardgamegeek.com/boardgame/224517/brass-birmingham"
"2","Pandemic Legacy: Season 1","パンデミック：レガシー シーズン1","2015","8.373","2.83","4","Rob Daviau,Matt Leacock","https://boardgamegeek.com/boardgame/161936/pandemic-legacy-season-1"
"3","Gloomhaven","グルームヘイヴン","2017","8.34","3.91","3","Isaac Childres","https://boardgamegeek.com/boardgame/174430/gloomhaven"
"4","Ark Nova","アーク・ノヴァ　新たなる方舟","2021","8.339","3.77","2","Mathias Wigge","https://boardgamegeek.com/boardgame/342942/ark-nova"
"5","Twilight Imperium: Fourth Edition","トワイライト・インぺリウム第4版","2017","8.235","4.33","6","Dane Beltrami,Corey Konieczka,Christian T. Petersen","https://boardgamegeek.com/boardgame/233078/twilight-imperium-fourth-edition"
"6","Dune: Imperium","デューン　砂の惑星　インペリウム","2020","8.23","3.05","3,4","Paul Dennen","https://boardgamegeek.com/boardgame/316554/dune-imperium"
"7","Terraforming Mars","テラフォーミング・マーズ","2016","8.206","3.27","3","Jacob Fryxelius","https://boardgamegeek.com/boardgame/167791/terraforming-mars"
"8","War of the Ring: Second Edition","","2011","8.192","4.22","2","Roberto Di Meglio,Marco Maggi,Francesco Nepitello","https://boardgamegeek.com/boardgame/115746/war-of-the-ring-second-edition"
"9","Star Wars: Rebellion","","2016","8.169","3.74","2","Corey Konieczka","https://boardgamegeek.com/boardgame/187645/star-wars-rebellion"
"10","Gloomhaven: Jaws of the Lion","グルームヘイヴン スタートセット 獅子のあぎと","2020","8.146","3.64","2","Isaac Childres","https://boardgamegeek.com/boardgame/291457/gloomhaven-jaws-of-the-lion"
"11","Spirit Island","スピリット・アイランド","2017","8.145","4.07","2","R. Eric Reuss","https://boardgamegeek.com/boardgame/162886/spirit-island"
"12","Gaia Project","テラミスティカ：ガイアプロジェクト","2017","8.107","4.4","3,4","Jens Drögemüller,Helge Ostertag","https://boardgamegeek.com/boardgame/220308/gaia-project"
"13","Twilight Struggle","トワイライト・ストラグル","2005","8.062","3.61","2","Ananda Gupta,Jason Matthews","https://boardgamegeek.com/boardgame/12333/twilight-struggle"
"14","Through the Ages: A New Story of Civilization","スルー･ジ･エイジズ:新たなる文明の物語","2015","8.046","4.44","3","Vlaada Chvátil","https://boardgamegeek.com/boardgame/182028/through-the-ages-a-new-story-of-civilization"
"15","The Castles of Burgundy","","2011","8.018","2.98","2","Stefan Feld","https://boardgamegeek.com/boardgame/84876/the-castles-of-burgundy"
"16","Great Western Trail","グレート ウエスタン トレイル","2016","8.013","3.7","3","Alexander Pfister","https://boardgamegeek.com/boardgame/193738/great-western-trail"
"17","Scythe","大鎌戦役","2016","7.98","3.45","4","Jamey Stegmaier","https://boardgamegeek.com/boardgame/169786/scythe"
"18","Eclipse: Second Dawn for the Galaxy","エクリプス〜新たなる銀河の夜明け〜","2020","7.978","3.65","4,6","Touko Tahkokallio","https://boardgamegeek.com/boardgame/246900/eclipse-second-dawn-for-the-galaxy"
"19","7 Wonders Duel","世界の七不思議:デュエル","2015","7.969","2.22","2","Antoine Bauza,Bruno Cathala","https://boardgamegeek.com/boardgame/173346/7-wonders-duel"
"20","Brass: Lancashire","ブラス：ランカシャー","2007","7.963","3.85","4","Martin Wallace","https://boardgamegeek.com/boardgame/28720/brass-lancashire"
"21","Nemesis","ネメシス","2018","7.952","3.47","4,5","Adam Kwapiński","https://boardgamegeek.com/boardgame/167355/nemesis"
"22","Dune: Imperium – Uprising","デューン　砂の惑星　インペリウム　反乱","2023","7.951","3.46","4","Paul Dennen","https://boardgamegeek.com/boardgame/397598/dune-imperium-uprising"
"23","Clank! Legacy: Acquisitions Incorporated","","2019","7.947","2.73","4","Andy Clautice,Paul Dennen","https://boardgamegeek.com/boardgame/266507/clank-legacy-acquisitions-incorporated"
"24","A Feast for Odin","オーディンの祝祭","2016","7.942","3.86","3","Uwe Rosenberg","https://boardgamegeek.com/boardgame/177736/a-feast-for-odin"
"25","Concordia","コンコルディア","2013","7.938","2.99","4","Mac Gerdts","https://boardgamegeek.com/boardgame/124361/concordia"
"26","Frosthaven","","2022","7.915","4.38","3","Isaac Childres","https://boardgamegeek.com/boardgame/295770/frosthaven"
"27","Great Western Trail: Second Edition","グレート・ウエスタン・トレイル第2版","2021","7.906","3.72","3","Alexander Pfister","https://boardgamegeek.com/boardgame/341169/great-western-trail-second-edition"
"28","Arkham Horror: The Card Game","アーカムホラー ザ・カードゲーム","2016","7.901","3.55","2","Nate French,MJ Newman","https://boardgamegeek.com/boardgame/205637/arkham-horror-the-card-game"
"29","Lost Ruins of Arnak","アルナックの失われし遺跡","2020","7.896","2.92","3","Elwen,Mín","https://boardgamegeek.com/boardgame/312484/lost-ruins-of-arnak"
"30","Root","ルート","2018","7.888","3.81","4","Cole Wehrle","https://boardgamegeek.com/boardgame/237182/root"
"31","Terra Mystica","テラミスティカ","2012","7.886","3.97","4","Jens Drögemüller,Helge Ostertag","https://boardgamegeek.com/boardgame/120677/terra-mystica"
"32","Wingspan","ウイングスパン","2019","7.884","2.47","3","Elizabeth Hargrave","https://boardgamegeek.com/boardgame/266192/wingspan"
"33","Too Many Bones","","2017","7.874","3.85","2","Josh J. Carlson,Adam Carlson","https://boardgamegeek.com/boardgame/192135/too-many-bones"
"34","Orléans","オルレアン","2014","7.869","3.03","4","Reiner Stockhausen","https://boardgamegeek.com/boardgame/164928/orleans"
"35","Mage Knight Board Game","","2011","7.851","4.37","1,2","Vlaada Chvátil","https://boardgamegeek.com/boardgame/96848/mage-knight-board-game"
"36","Barrage","バラージ","2019","7.849","4.11","4","Tommaso Battista,Simone Luciani","https://boardgamegeek.com/boardgame/251247/barrage"
"37","The Crew: Mission Deep Sea","ザ・クルー　深海に眠る遺跡","2021","7.837","2.03","4","Thomas Sing","https://boardgamegeek.com/boardgame/324856/the-crew-mission-deep-sea"
"38","Everdell","エバーデール","2018","7.836","2.82","3","James A. Wilson","https://boardgamegeek.com/boardgame/199792/everdell"
"39","Viticulture Essential Edition","ワイナリーの四季","2015","7.831","2.89","3,4","Jamey Stegmaier,Alan Stone","https://boardgamegeek.com/boardgame/183394/viticulture-essential-edition"
"40","Heat: Pedal to the Metal","ヒート","2022","7.798","2.19","5,6","Asger Harding Granerud,Daniel Skjold Pedersen","https://boardgamegeek.com/boardgame/366013/heat-pedal-to-the-metal"
"41","Marvel Champions: The Card Game","","2019","7.795","2.94","1,2","Michael Boggs","https://boardgamegeek.com/boardgame/285774/marvel-champions-the-card-game"
"42","Food Chain Magnate","フードチェーンマグネイト","2015","7.793","4.2","3,4","Jeroen Doumen,Joris Wiersinga","https://boardgamegeek.com/boardgame/175914/food-chain-magnate"
"43","Pax Pamir: Second Edition","パックス・パミール　第２版","2019","7.787","3.85","4","Cole Wehrle","https://boardgamegeek.com/boardgame/256960/pax-pamir-second-edition"
"44","Underwater Cities","アンダーウォーターシティーズ","2018","7.78","3.58","2","Vladimír Suchý","https://boardgamegeek.com/boardgame/247763/underwater-cities"
"45","Kanban EV","カンバンEV","2020","7.777","4.3","3","Vital Lacerda","https://boardgamegeek.com/boardgame/284378/kanban-ev"
"46","Crokinole","クロキノール","1876","7.775","1.23","2,4","(Uncredited)","https://boardgamegeek.com/boardgame/521/crokinole"
"47","Sky Team","スカイチーム","2023","7.77","2.05","2","Luc Rémond","https://boardgamegeek.com/boardgame/373106/sky-team"
"48","Puerto Rico","","2002","7.77","3.27","4","Andreas Seyfarth","https://boardgamegeek.com/boardgame/3076/puerto-rico"
"49","Cascadia","カスカディア","2021","7.761","1.86","2,3","Randy Flynn","https://boardgamegeek.com/boardgame/295947/cascadia"
"50","Caverna: The Cave Farmers","カヴェルナ: 洞窟の農夫たち","2013","7.755","3.78","4","Uwe Rosenberg","https://boardgamegeek.com/boardgame/102794/caverna-the-cave-farmers"
"51","Anachrony","アナクロニー","2017","7.751","4.01","3","Dávid Turczi","https://boardgamegeek.com/boardgame/185343/anachrony"
"52","Pandemic Legacy: Season 0","パンデミック：レガシー シーズン0","2020","7.75","3.16","4","Rob Daviau,Matt Leacock","https://boardgamegeek.com/boardgame/314040/pandemic-legacy-season-0"
"53","On Mars","オン・マーズ","2020","7.749","4.67","3","Vital Lacerda","https://boardgamegeek.com/boardgame/184267/on-mars"
"54","Blood Rage","ブラッドレイジ","2015","7.746","2.88","4","Eric M. Lang","https://boardgamegeek.com/boardgame/170216/blood-rage"
"55","Agricola","アグリコラ","2007","7.742","3.64","3,4","Uwe Rosenberg","https://boardgamegeek.com/boardgame/31260/agricola"
"56","Sleeping Gods","スリーピング・ゴッズ","2021","7.731","3.24","2","Ryan Laukat","https://boardgamegeek.com/boardgame/255984/sleeping-gods"
"57","Hegemony: Lead Your Class to Victory","","2023","7.729","4.2","4","Vangelis Bagiartakis,Varnavas Timotheou","https://boardgamegeek.com/boardgame/321608/hegemony-lead-your-class-to-victory"
"58","Cthulhu: Death May Die","クトルフ〜死もまた死すべし〜","2019","7.725","2.48","3","Rob Daviau,Eric M. Lang","https://boardgamegeek.com/boardgame/253344/cthulhu-death-may-die"
"59","Oathsworn: Into the Deepwood","","2022","7.723","3.67","2,4","Jamie Jolly","https://boardgamegeek.com/boardgame/251661/oathsworn-into-the-deepwood"
"60","Lisboa","","2017","7.717","4.58","3","Vital Lacerda","https://boardgamegeek.com/boardgame/161533/lisboa"
"61","Pandemic Legacy: Season 2","パンデミック:レガシー シーズン2","2017","7.716","3.26","4","Rob Daviau,Matt Leacock","https://boardgamegeek.com/boardgame/221107/pandemic-legacy-season-2"
"62","Mansions of Madness: Second Edition","マンション・オブ・マッドネス第2版","2016","7.705","2.69","3,4","Nikki Valens","https://boardgamegeek.com/boardgame/205059/mansions-of-madness-second-edition"
"63","Obsession","","2018","7.704","3.09","2","Dan Hallagan","https://boardgamegeek.com/boardgame/231733/obsession"
"64","Grand Austria Hotel","","2015","7.697","3.21","2","Virginio Gigli,Simone Luciani","https://boardgamegeek.com/boardgame/182874/grand-austria-hotel"
"65","Tzolk'in: The Mayan Calendar","ツォルキン：マヤ神聖歴","2012","7.696","3.67","4","Simone Luciani,Daniele Tascini","https://boardgamegeek.com/boardgame/126163/tzolkin-the-mayan-calendar"
"66","Power Grid","電力会社","2004","7.694","3.25","4,5","Friedemann Friese","https://boardgamegeek.com/boardgame/2651/power-grid"
"67","Maracaibo","マラカイボ","2019","7.683","3.92","3","Alexander Pfister","https://boardgamegeek.com/boardgame/276025/maracaibo"
"68","The Quacks of Quedlinburg","クアックサルバー","2018","7.678","1.94","4","Wolfgang Warsch","https://boardgamegeek.com/boardgame/244521/the-quacks-of-quedlinburg"
"69","Clans of Caledonia","クランズ・オブ・カレドニア","2017","7.677","3.46","4","Juma Al-JouJou","https://boardgamegeek.com/boardgame/216132/clans-of-caledonia"
"70","Le Havre","ル・アーブル","2008","7.675","3.71","3","Uwe Rosenberg","https://boardgamegeek.com/boardgame/35677/le-havre"
"71","The Gallerist","ギャラリスト","2015","7.673","4.23","3,4","Vital Lacerda","https://boardgamegeek.com/boardgame/125153/the-gallerist"
"72","Paladins of the West Kingdom","西フランク王国の聖騎士","2019","7.672","3.72","2","S J Macdonald,Shem Phillips","https://boardgamegeek.com/boardgame/266810/paladins-of-the-west-kingdom"
"73","Star Wars: Imperial Assault","","2014","7.666","3.3","2,5","Justin Kemppainen,Corey Konieczka,Jonathan Ying","https://boardgamegeek.com/boardgame/164153/star-wars-imperial-assault"
"74","Android: Netrunner","アンドロイド：ネットランナー","2012","7.658","3.41","2","Richard Garfield,Lukas Litzsinger","https://boardgamegeek.com/boardgame/124742/android-netrunner"
"75","Mechs vs. Minions","","2016","7.651","2.45","4","Chris Cantrell,Rick Ernst,Stone Librande,Prashant Saraswat,Nathan Tiras","https://boardgamegeek.com/boardgame/209010/mechs-vs-minions"
"76","The Crew: The Quest for Planet Nine","ザ・クルー 第９惑星の探索","2019","7.65","1.95","4","Thomas Sing","https://boardgamegeek.com/boardgame/284083/the-crew-the-quest-for-planet-nine"
"77","Age of Innovation","テラミスティカ：革新の時代","2023","7.65","4.26","4","Helge Ostertag","https://boardgamegeek.com/boardgame/383179/age-of-innovation"
"78","Kingdom Death: Monster","","2015","7.646","4.26","4","Adam Poots","https://boardgamegeek.com/boardgame/55690/kingdom-death-monster"
"79","Agricola (Revised Edition)","アグリコラ：リバイズドエディション","2016","7.641","3.45","3,4","Uwe Rosenberg","https://boardgamegeek.com/boardgame/200680/agricola-revised-edition"
"80","Azul","アズール","2017","7.629","1.77","2","Michael Kiesling","https://boardgamegeek.com/boardgame/230802/azul"
"81","Race for the Galaxy","レース・フォー・ザ・ギャラクシー","2007","7.628","2.99","2","Thomas Lehmann","https://boardgamegeek.com/boardgame/28143/race-for-the-galaxy"
"82","Five Tribes: The Djinns of Naqala","ファイブ・トライブズ","2014","7.62","2.84","2","Bruno Cathala","https://boardgamegeek.com/boardgame/157354/five-tribes-the-djinns-of-naqala"
"83","Clank!: A Deck-Building Adventure","クランク!","2016","7.612","2.23","3","Paul Dennen","https://boardgamegeek.com/boardgame/201808/clank-a-deck-building-adventure"
"84","Eclipse: New Dawn for the Galaxy","","2011","7.61","3.7","4,6","Touko Tahkokallio","https://boardgamegeek.com/boardgame/72125/eclipse-new-dawn-for-the-galaxy"
"85","Aeon's End","イーオンズ・エンド","2016","7.602","2.81","2","Jenny Iglesias,Nick Little (I),Kevin Riley","https://boardgamegeek.com/boardgame/191189/aeons-end"
"86","Fields of Arle","アルルの丘","2014","7.602","3.84","2","Uwe Rosenberg","https://boardgamegeek.com/boardgame/159675/fields-of-arle"
"87","Clank!: Catacombs","","2022","7.599","2.51","3","Paul Dennen","https://boardgamegeek.com/boardgame/365717/clank-catacombs"
"88","Lords of Waterdeep","","2012","7.59","2.45","3,4","Peter Lee,Rodney Thompson","https://boardgamegeek.com/boardgame/110327/lords-of-waterdeep"
"89","Teotihuacan: City of Gods","テオティワカン：シティオブゴッズ","2018","7.59","3.77","4","Daniele Tascini","https://boardgamegeek.com/boardgame/229853/teotihuacan-city-of-gods"
"90","Beyond the Sun","ビヨンド・ザ・サン","2020","7.587","3.13","3","Dennis K. Chan","https://boardgamegeek.com/boardgame/317985/beyond-the-sun"
"91","El Grande","エルグランデ","1995","7.582","2.97","5","Wolfgang Kramer,Richard Ulrich","https://boardgamegeek.com/boardgame/93/el-grande"
"92","Through the Ages: A Story of Civilization","","2006","7.581","4.18","3","Vlaada Chvátil","https://boardgamegeek.com/boardgame/25613/through-the-ages-a-story-of-civilization"
"93","Dominant Species","","2010","7.573","4.04","4","Chad Jensen","https://boardgamegeek.com/boardgame/62219/dominant-species"
"94","Revive","リバイブ","2022","7.567","3.42","3","Helge Meissner,Kristian Amundsen Østby,Eilif Svensson,Anna Wermlund","https://boardgamegeek.com/boardgame/332772/revive"
"95","7 Wonders","世界の七不思議","2010","7.567","2.32","4,5","Antoine Bauza","https://boardgamegeek.com/boardgame/68448/7-wonders"
"96","Robinson Crusoe: Adventures on the Cursed Island","ロビンソン・クルーソー","2012","7.566","3.82","1,2","Joanna Kijanka,Ignacy Trzewiczek","https://boardgamegeek.com/boardgame/121921/robinson-crusoe-adventures-on-the-cursed-island"
"97","The Voyages of Marco Polo","マルコポーロの旅路","2015","7.565","3.18","4","Simone Luciani,Daniele Tascini","https://boardgamegeek.com/boardgame/171623/the-voyages-of-marco-polo"
"98","Concordia Venus","コンコルディア　ヴィーナス","2018","7.565","3.02","4","Mac Gerdts","https://boardgamegeek.com/boardgame/256916/concordia-venus"
"99","The Search for Planet X","惑星Xの探索","2020","7.562","2.42","2,3","Matthew O'Malley,Ben Rosset","https://boardgamegeek.com/boardgame/279537/the-search-for-planet-x"
"100","Wingspan Asia","ウイングスパン　東洋の翼","2022","7.554","2.7","2","Elizabeth Hargrave","https://boardgamegeek.com/boardgame/366161/wingspan-asia"
"101","SCOUT","","2019","7.553","1.36","4","Kei Kajino (梶野 桂)","https://boardgamegeek.com/boardgame/291453/scout"
"102","Darwin's Journey","ダーウィンズ　ジャーニー","2023","7.551","3.9","3","Simone Luciani,Nestore Mangone","https://boardgamegeek.com/boardgame/322289/darwins-journey"
"103","Decrypto","デクリプト","2018","7.542","1.82","4,6","Thomas Dagenais-Lespérance","https://boardgamegeek.com/boardgame/225694/decrypto"
"104","Inis","イニシュ","2016","7.539","2.95","4","Christian Martinez","https://boardgamegeek.com/boardgame/155821/inis"
"105","Tainted Grail: The Fall of Avalon","","2019","7.537","3.35","1,2","Krzysztof Piskorski,Marcin Świerkot","https://boardgamegeek.com/boardgame/264220/tainted-grail-the-fall-of-avalon"
"106","Trickerion: Legends of Illusion","","2015","7.537","4.25","4","Richard Amann,Viktor Peter","https://boardgamegeek.com/boardgame/163068/trickerion-legends-of-illusion"
"107","Battlestar Galactica: The Board Game","","2008","7.536","3.25","5","Corey Konieczka","https://boardgamegeek.com/boardgame/37111/battlestar-galactica-the-board-game"
"108","Architects of the West Kingdom","西フランク王国の建築家","2018","7.531","2.76","4","S J Macdonald,Shem Phillips","https://boardgamegeek.com/boardgame/236457/architects-of-the-west-kingdom"
"109","Carnegie","カーネギー","2022","7.529","3.82","4","Xavier Georges","https://boardgamegeek.com/boardgame/310873/carnegie"
"110","Splendor Duel","宝石の煌き：デュエル","2022","7.524","2","2","Marc André,Bruno Cathala","https://boardgamegeek.com/boardgame/364073/splendor-duel"
"111","Final Girl","","2021","7.523","2.72","1","Evan Derrick,A. J. Porfirio","https://boardgamegeek.com/boardgame/277659/final-girl"
"112","The White Castle","","2023","7.522","3.02","3","Isra C.,Shei S.","https://boardgamegeek.com/boardgame/371942/the-white-castle"
"113","Keyflower","キーフラワー","2012","7.518","3.34","4","Sebastian Bleasdale,Richard Breese","https://boardgamegeek.com/boardgame/122515/keyflower"
"114","Tigris & Euphrates","チグリス・ユーフラテス","1997","7.517","3.5","4","Reiner Knizia","https://boardgamegeek.com/boardgame/42/tigris-and-euphrates"
"115","Raiders of the North Sea","","2015","7.516","2.56","3","Shem Phillips","https://boardgamegeek.com/boardgame/170042/raiders-of-the-north-sea"
"116","Dominion: Intrigue","ドミニオン：陰謀","2009","7.513","2.41","3","Donald X. Vaccarino","https://boardgamegeek.com/boardgame/40834/dominion-intrigue"
"117","Caylus","","2005","7.511","3.79","3","William Attia","https://boardgamegeek.com/boardgame/18602/caylus"
"118","Dwellings of Eldervale","","2020","7.511","3.24","3","Luke Laurie","https://boardgamegeek.com/boardgame/271055/dwellings-of-eldervale"
"119","Lorenzo il Magnifico","ロレンツォ・イル・マニーフィコ","2016","7.509","3.3","3,4","Flaminia Brasini,Virginio Gigli,Simone Luciani","https://boardgamegeek.com/boardgame/203993/lorenzo-il-magnifico"
"120","Troyes","","2010","7.507","3.46","3","Sébastien Dujardin,Xavier Georges,Alain Orban","https://boardgamegeek.com/boardgame/73439/troyes"
"121","The Quest for El Dorado","エルドラドを探して　新版","2017","7.506","1.94","2,4","Reiner Knizia","https://boardgamegeek.com/boardgame/217372/the-quest-for-el-dorado"
"122","Eldritch Horror","エルドリッチホラー","2013","7.506","3.32","4","Corey Konieczka,Nikki Valens","https://boardgamegeek.com/boardgame/146021/eldritch-horror"
"123","Mombasa","モンバサ","2015","7.502","3.89","4","Alexander Pfister","https://boardgamegeek.com/boardgame/172386/mombasa"
"124","The Lord of the Rings: Journeys in Middle-Earth","","2019","7.501","2.68","2","Nathan I. Hajek,Grace Holdinghaus","https://boardgamegeek.com/boardgame/269385/the-lord-of-the-rings-journeys-in-middle-earth"
"125","Twilight Imperium: Third Edition","","2005","7.489","4.26","6","Christian T. Petersen","https://boardgamegeek.com/boardgame/12493/twilight-imperium-third-edition"
"126","Great Western Trail: New Zealand","","2023","7.487","3.96","3","Alexander Pfister","https://boardgamegeek.com/boardgame/380607/great-western-trail-new-zealand"
"127","Ra","ラー","1999","7.487","2.32","3,4","Reiner Knizia","https://boardgamegeek.com/boardgame/12/ra"
"128","The 7th Continent","","2017","7.484","2.9","1,2","Ludovic Roudy,Bruno Sautter","https://boardgamegeek.com/boardgame/180263/the-7th-continent"
"129","Patchwork","パッチワーク","2014","7.484","1.6","2","Uwe Rosenberg","https://boardgamegeek.com/boardgame/163412/patchwork"
"130","Trajan","トラヤヌス","2011","7.481","3.64","4","Stefan Feld","https://boardgamegeek.com/boardgame/102680/trajan"
"131","Russian Railroads","","2013","7.481","3.4","4","Helmut Ohley,Leonhard "Lonny" Orgler","https://boardgamegeek.com/boardgame/144733/russian-railroads"
"132","Age of Steam","蒸気の時代","2002","7.479","3.87","4","John Bohrer,Martin Wallace","https://boardgamegeek.com/boardgame/4098/age-of-steam"
"133","Dominion","ドミニオン","2008","7.479","2.35","3","Donald X. Vaccarino","https://boardgamegeek.com/boardgame/36218/dominion"
"134","Voidfall","","2023","7.478","4.63","3","Nigel Buckle,Dávid Turczi","https://boardgamegeek.com/boardgame/337627/voidfall"
"135","Nemesis: Lockdown","","2022","7.474","3.9","4","Adam Kwapiński","https://boardgamegeek.com/boardgame/310100/nemesis-lockdown"
"136","Blood on the Clocktower","","2022","7.472","3.03","9,12","Steven Medway","https://boardgamegeek.com/boardgame/240980/blood-on-the-clocktower"
"137","Rising Sun","ライジングサン","2018","7.469","3.3","4,5","Eric M. Lang","https://boardgamegeek.com/boardgame/205896/rising-sun"
"138","Hansa Teutonica","","2009","7.466","3.1","5","Andreas Steding","https://boardgamegeek.com/boardgame/43015/hansa-teutonica"
"139","Vinhos: Deluxe Edition","","2016","7.461","4.01","4","Vital Lacerda","https://boardgamegeek.com/boardgame/175640/vinhos-deluxe-edition"
"140","Ticket to Ride Legacy: Legends of the West","チケット・トゥ・ライド・レガシー：西部開拓記","2023","7.461","2.57","4","Rob Daviau,Matt Leacock,Alan R. Moon","https://boardgamegeek.com/boardgame/390092/ticket-to-ride-legacy-legends-of-the-west"
"141","Aeon's End: War Eternal","イーオンズ・エンド：終わりなき戦い","2017","7.461","2.93","2","Jenny Iglesias,Nick Little (I),Kevin Riley","https://boardgamegeek.com/boardgame/218417/aeons-end-war-eternal"
"142","Clank! In! Space!: A Deck-Building Adventure","クランク！イン・スペース","2017","7.45","2.58","3","Paul Dennen","https://boardgamegeek.com/boardgame/233371/clank-in-space-a-deck-building-adventure"
"143","Iberia","パンデミック：イベリア","2016","7.447","2.58","3,4","Jesús Torres Castro,Matt Leacock","https://boardgamegeek.com/boardgame/198928/iberia"
"144","Forbidden Stars","","2015","7.447","3.84","3","Samuel Bailey,James Kniffen,Corey Konieczka","https://boardgamegeek.com/boardgame/175155/forbidden-stars"
"145","Yokohama","","2016","7.446","3.3","3","Hisashi Hayashi","https://boardgamegeek.com/boardgame/196340/yokohama"
"146","Wonderland's War","ワンダーランズ　ウォー","2022","7.446","3.03","4","Tim Eisner,Ben Eisner,Ian Moss","https://boardgamegeek.com/boardgame/227935/wonderlands-war"
"147","Codenames","コードネーム","2015","7.442","1.26","6,8","Vlaada Chvátil","https://boardgamegeek.com/boardgame/178900/codenames"
"148","Harmonies","ハーモニーズ","2024","7.441","1.99","2,3","Johan Benvenuto","https://boardgamegeek.com/boardgame/414317/harmonies"
"149","Champions of Midgard","","2015","7.437","2.62","4","Ole Steiness","https://boardgamegeek.com/boardgame/172287/champions-of-midgard"
"150","Just One","ジャスト・ワン","2018","7.434","1.04","6,7","Ludovic Roudy,Bruno Sautter","https://boardgamegeek.com/boardgame/254640/just-one"
"151","Roll for the Galaxy","ロール・フォー・ザ・ギャラクシ","2014","7.43","2.78","3,4","Wei-Hwa Huang,Thomas Lehmann","https://boardgamegeek.com/boardgame/132531/roll-for-the-galaxy"
"152","PARKS","","2019","7.429","2.12","3","Henry Audubon","https://boardgamegeek.com/boardgame/266524/parks"
"153","Pandemic","パンデミック","2008","7.423","2.4","4","Matt Leacock","https://boardgamegeek.com/boardgame/30549/pandemic"
"154","Rajas of the Ganges","ガンジスの藩王","2017","7.422","2.89","4","Inka Brand,Markus Brand","https://boardgamegeek.com/boardgame/220877/rajas-of-the-ganges"
"155","The Isle of Cats","アイル・オブ・キャッツ","2019","7.421","2.36","3","Frank West","https://boardgamegeek.com/boardgame/281259/the-isle-of-cats"
"156","Targi","タルギ","2012","7.419","2.33","2","Andreas Steiger","https://boardgamegeek.com/boardgame/118048/targi"
"157","Cartographers","カートグラファー","2019","7.417","1.88","3,4","Jordy Adan","https://boardgamegeek.com/boardgame/263918/cartographers"
"158","Hadrian's Wall","ハドリアヌスの長城","2021","7.416","3.16","1","Bobby Hill","https://boardgamegeek.com/boardgame/304783/hadrians-wall"
"159","Res Arcana","レスアルカナ","2019","7.415","2.64","2","Thomas Lehmann","https://boardgamegeek.com/boardgame/262712/res-arcana"
"160","Star Realms","","2014","7.412","1.92","2","Robert Dougherty,Darwin Kastle","https://boardgamegeek.com/boardgame/147020/star-realms"
"161","Slay the Spire: The Board Game","","2024","7.41","2.89","2","Gary Dworetsky,Anthony Giovannetti,Casey Yano","https://boardgamegeek.com/boardgame/338960/slay-the-spire-the-board-game"
"162","Tyrants of the Underdark","","2016","7.409","2.56","4","Peter Lee,Rodney Thompson,Andrew Veen","https://boardgamegeek.com/boardgame/189932/tyrants-of-the-underdark"
"163","Watergate","ウォーターゲート","2019","7.408","2.27","2","Matthias Cramer","https://boardgamegeek.com/boardgame/274364/watergate"
"164","Alchemists","アルケミスト","2014","7.408","3.92","4","Matúš Kotry","https://boardgamegeek.com/boardgame/161970/alchemists"
"165","It's a Wonderful World","イッツアワンダフルワールド","2019","7.405","2.32","4","Frédéric Guérard","https://boardgamegeek.com/boardgame/271324/its-a-wonderful-world"
"166","Magic: The Gathering","","1993","7.403","3.27","2","Richard Garfield,David Iezzi","https://boardgamegeek.com/boardgame/463/magic-the-gathering"
"167","Ticket to Ride: Europe","チケット・トゥ・ライド・ヨーロッパ","2005","7.402","1.92","4","Alan R. Moon","https://boardgamegeek.com/boardgame/14996/ticket-to-ride-europe"
"168","Undaunted: Normandy","","2019","7.402","2.25","2","Trevor Benjamin,David Thompson (I)","https://boardgamegeek.com/boardgame/268864/undaunted-normandy"
"169","Praga Caput Regni","プラハ　王国の首都","2020","7.399","3.73","3","Vladimír Suchý","https://boardgamegeek.com/boardgame/308765/praga-caput-regni"
"170","The Lord of the Rings: Duel for Middle-earth","指輪物語：デュエル 中つ国の決戦","2024","7.398","2.03","2","Antoine Bauza,Bruno Cathala","https://boardgamegeek.com/boardgame/421006/the-lord-of-the-rings-duel-for-middle-earth"
"171","Too Many Bones: Undertow","","2018","7.397","4.04","2","Adam Carlson,Josh J. Carlson","https://boardgamegeek.com/boardgame/235802/too-many-bones-undertow"
"172","Kemet","","2012","7.396","3","4,5","Jacques Bariot,Guillaume Montiage","https://boardgamegeek.com/boardgame/127023/kemet"
"173","Stone Age","ストーンエイジ","2008","7.395","2.46","4","Bernd Brunnhofer","https://boardgamegeek.com/boardgame/34635/stone-age"
"174","The Lord of the Rings: The Card Game","","2011","7.394","3.21","2","Nate French","https://boardgamegeek.com/boardgame/77423/the-lord-of-the-rings-the-card-game"
"175","ISS Vanguard","","2022","7.394","3.66","1,2","Andrzej Betkiewicz,Krzysztof Piskorski,Paweł Samborski,Marcin Świerkot","https://boardgamegeek.com/boardgame/325494/iss-vanguard"
"176","Sherlock Holmes Consulting Detective: The Thames Murders & Other Cases","シャーロックホームズ10の怪事件","1982","7.392","2.66","2","Raymond Edwards,Suzanne Goldberg,Gary Grady","https://boardgamegeek.com/boardgame/2511/sherlock-holmes-consulting-detective-the-thames-mu"
"177","Endeavor: Age of Sail","","2018","7.39","2.84","4","Carl de Visser,Jarratt Gray","https://boardgamegeek.com/boardgame/233398/endeavor-age-of-sail"
"178","Arcs","","2024","7.389","3.39","3,4","Cole Wehrle","https://boardgamegeek.com/boardgame/359871/arcs"
"179","Terraforming Mars: Ares Expedition","テラフォーミング・マーズ・カードゲーム：アレス・エクスペディション","2021","7.387","2.92","3","Sydney Engelstein,Jacob Fryxelius,Nick Little (I)","https://boardgamegeek.com/boardgame/328871/terraforming-mars-ares-expedition"
"180","Viscounts of the West Kingdom","西フランク王国の子爵","2020","7.386","3.46","3","S J Macdonald,Shem Phillips","https://boardgamegeek.com/boardgame/296151/viscounts-of-the-west-kingdom"
"181","Legendary Encounters: An Alien Deck Building Game","","2014","7.385","2.7","3","Ben Cichoski,Daniel Mandel","https://boardgamegeek.com/boardgame/146652/legendary-encounters-an-alien-deck-building-game"
"182","Istanbul","イスタンブール","2014","7.384","2.58","4","Rüdiger Dorn","https://boardgamegeek.com/boardgame/148949/istanbul"
"183","Wyrmspan","ワイアームスパン","2024","7.383","2.79","3","Connie Vogelmann","https://boardgamegeek.com/boardgame/410201/wyrmspan"
"184","War Chest","ウォーチェスト","2018","7.382","2.31","2","Trevor Benjamin,David Thompson (I)","https://boardgamegeek.com/boardgame/249259/war-chest"
"185","Glen More II: Chronicles","グレンモアII:クロニクルズ","2019","7.382","3.01","3","Matthias Cramer","https://boardgamegeek.com/boardgame/265188/glen-more-ii-chronicles"
"186","Star Wars: X-Wing Miniatures Game","","2012","7.382","2.5","2","Jay Little","https://boardgamegeek.com/boardgame/103885/star-wars-x-wing-miniatures-game"
"187","Marco Polo II: In the Service of the Khan","マルコポーロ：大いなる帰還","2019","7.381","3.37","3","Simone Luciani,Daniele Tascini","https://boardgamegeek.com/boardgame/283948/marco-polo-ii-in-the-service-of-the-khan"
"188","Dominion (Second Edition)","ドミニオン：第二版","2016","7.38","2.16","2,3","Donald X. Vaccarino","https://boardgamegeek.com/boardgame/209418/dominion-second-edition"
"189","Unmatched: Cobble & Fog","","2020","7.378","1.97","2","Rob Daviau,Justin D. Jacobson,Chris Leder,Kevin Rodgers","https://boardgamegeek.com/boardgame/294484/unmatched-cobble-and-fog"
"190","That's Pretty Clever!","ガンツ・シェーン・クレバー","2018","7.376","1.87","2","Wolfgang Warsch","https://boardgamegeek.com/boardgame/244522/thats-pretty-clever"
"191","Radlands","","2021","7.376","2.26","2","Daniel Piechnick","https://boardgamegeek.com/boardgame/329082/radlands"
"192","Xia: Legends of a Drift System","","2014","7.373","3.18","3","Cody Miller","https://boardgamegeek.com/boardgame/82222/xia-legends-of-a-drift-system"
"193","Jaipur","ジャイプル","2009","7.371","1.46","2","Sébastien Pauchon","https://boardgamegeek.com/boardgame/54043/jaipur"
"194","Welcome To...","","2018","7.371","1.84","3,4","Benoit Turpin","https://boardgamegeek.com/boardgame/233867/welcome-to"
"195","Nucleum","","2023","7.369","4.16","3","Simone Luciani,Dávid Turczi","https://boardgamegeek.com/boardgame/396790/nucleum"
"196","Planet Unknown","プラネット　アンノウン","2022","7.362","2.22","4","Ryan Lambert,Adam Rehberg","https://boardgamegeek.com/boardgame/258779/planet-unknown"
"197","Earth","アース","2023","7.359","2.88","2,3","Maxime Tardif","https://boardgamegeek.com/boardgame/350184/earth"
"198","War of the Ring","","2004","7.355","3.85","2","Roberto Di Meglio,Marco Maggi,Francesco Nepitello","https://boardgamegeek.com/boardgame/9609/war-of-the-ring"
"199","Chaos in the Old World","ケイオス・イン・ジ・オールド・ワールド","2009","7.353","3.2","4","Eric M. Lang","https://boardgamegeek.com/boardgame/43111/chaos-in-the-old-world"
"200","Dune","","2019","7.352","4","6","Bill Eberle,Jack Kittredge,Peter Olotka","https://boardgamegeek.com/boardgame/283355/dune"
"201","Welcome to the Moon","ウェルカム・トゥ・ザ・ムーン","2021","7.352","2.48","2,4","Alexis Allard,Benoit Turpin","https://boardgamegeek.com/boardgame/339789/welcome-to-the-moon"
"202","This War of Mine: The Board Game","","2017","7.349","3.32","1","Michał Oracz,Jakub Wiśniewski","https://boardgamegeek.com/boardgame/188920/this-war-of-mine-the-board-game"
"203","Star Wars: Outer Rim","","2019","7.345","2.57","3","Corey Konieczka","https://boardgamegeek.com/boardgame/271896/star-wars-outer-rim"
"204","Memoir '44","","2004","7.34","2.27","2","Richard Borg","https://boardgamegeek.com/boardgame/10630/memoir-44"
"205","Descent: Journeys in the Dark (Second Edition)","ディセント第２版 〜闇世界への旅立ち〜","2012","7.338","3.21","5","Daniel Clark (I),Corey Konieczka,Adam Sadler,Kevin Wilson","https://boardgamegeek.com/boardgame/104162/descent-journeys-in-the-dark-second-edition"
"206","The Red Cathedral","赤の大聖堂","2020","7.336","2.82","3","Isra C.,Shei S.","https://boardgamegeek.com/boardgame/227224/the-red-cathedral"
"207","Sekigahara: The Unification of Japan","","2011","7.334","2.8","2","Matt Calkins","https://boardgamegeek.com/boardgame/25021/sekigahara-the-unification-of-japan"
"208","Cosmic Encounter","コズミック・エンカウンター","2008","7.334","2.58","5","Bill Eberle,Jack Kittredge,Bill Norton,Peter Olotka,Kevin Wilson","https://boardgamegeek.com/boardgame/39463/cosmic-encounter"
"209","Meadow","メドウ","2021","7.333","2.25","2","Klemens Kalicki","https://boardgamegeek.com/boardgame/314491/meadow"
"210","Sagrada","サグラダ","2017","7.331","1.92","2","Adrian Adamescu,Daryl Andrews","https://boardgamegeek.com/boardgame/199561/sagrada"
"211","Castles of Mad King Ludwig","ノイシュヴァンシュタイン城","2014","7.33","2.65","4","Ted Alspach","https://boardgamegeek.com/boardgame/155426/castles-of-mad-king-ludwig"
"212","Great Western Trail: Argentina","","2022","7.327","3.9","3","Alexander Pfister","https://boardgamegeek.com/boardgame/364011/great-western-trail-argentina"
"213","Horrified","","2019","7.326","2.02","3","Prospero Hall,Peter Lee","https://boardgamegeek.com/boardgame/282524/horrified"
"214","Space Base","スペースベース","2018","7.322","2.12","3,4","John D. Clair","https://boardgamegeek.com/boardgame/242302/space-base"
"215","Railways of the World","","2005","7.321","3.02","5","Glenn Drover,Martin Wallace","https://boardgamegeek.com/boardgame/17133/railways-of-the-world"
"216","The Resistance: Avalon","レジスタンス: アヴァロン","2012","7.321","1.74","7,8","Don Eskridge","https://boardgamegeek.com/boardgame/128882/the-resistance-avalon"
"217","Azul: Summer Pavilion","アズール：サマーパビリオン","2019","7.32","2.06","2,3","Michael Kiesling","https://boardgamegeek.com/boardgame/287954/azul-summer-pavilion"
"218","Modern Art","モダンアート","1992","7.315","2.28","4,5","Reiner Knizia","https://boardgamegeek.com/boardgame/118/modern-art"
"219","Ticket to Ride: Nordic Countries","チケット・トゥ・ライド：北欧の国々","2007","7.315","1.97","3","Alan R. Moon","https://boardgamegeek.com/boardgame/31627/ticket-to-ride-nordic-countries"
"220","A Game of Thrones: The Board Game (Second Edition)","","2011","7.314","3.73","6","Christian T. Petersen","https://boardgamegeek.com/boardgame/103343/a-game-of-thrones-the-board-game-second-edition"
"221","Ora et Labora","祈り、働け","2011","7.314","3.89","3","Uwe Rosenberg","https://boardgamegeek.com/boardgame/70149/ora-et-labora"
"222","Paleo","パレオ ～人類の黎明～","2020","7.313","2.64","2,3","Peter Rustemeyer","https://boardgamegeek.com/boardgame/300531/paleo"
"223","Go","囲碁","-2200","7.311","3.93","2","(Uncredited)","https://boardgamegeek.com/boardgame/188/go"
"224","7 Wonders (Second Edition)","世界の七不思議：第二版","2020","7.306","2.31","4,5","Antoine Bauza","https://boardgamegeek.com/boardgame/316377/7-wonders-second-edition"
"225","Commands & Colors: Ancients","","2006","7.303","2.69","2","Richard Borg","https://boardgamegeek.com/boardgame/14105/commands-and-colors-ancients"
"226","Captain Sonar","キャプテン・ソナー","2016","7.301","2.19","8","Roberto Fraga,Yohan Lemonnier","https://boardgamegeek.com/boardgame/171131/captain-sonar"
"227","Suburbia","シティビルダー","2012","7.299","2.76","3","Ted Alspach","https://boardgamegeek.com/boardgame/123260/suburbia"
"228","Village","村の人生","2011","7.297","3.06","4","Inka Brand,Markus Brand","https://boardgamegeek.com/boardgame/104006/village"
"229","Carcassonne","カルカソンヌ","2000","7.296","1.89","2","Klaus-Jürgen Wrede","https://boardgamegeek.com/boardgame/822/carcassonne"
"230","Dead of Winter: A Crossroads Game","デッド・オブ・ウィンター","2014","7.295","3.01","4","Jonathan Gilmour-Long,Isaac Vega","https://boardgamegeek.com/boardgame/150376/dead-of-winter-a-crossroads-game"
"231","Splendor","宝石の煌き","2014","7.294","1.78","3","Marc André","https://boardgamegeek.com/boardgame/148228/splendor"
"232","Ankh: Gods of Egypt","","2021","7.292","3.12","2,4","Eric M. Lang","https://boardgamegeek.com/boardgame/285967/ankh-gods-of-egypt"
"233","Star Wars: The Deckbuilding Game","","2023","7.29","2.03","2","Caleb Grace","https://boardgamegeek.com/boardgame/374173/star-wars-the-deckbuilding-game"
"234","Tichu","ティチュー","1991","7.287","2.34","4","Urs Hostettler","https://boardgamegeek.com/boardgame/215/tichu"
"235","Nidavellir","ニダヴェリア","2020","7.287","2.11","3","Serge Laget","https://boardgamegeek.com/boardgame/293014/nidavellir"
"236","Clash of Cultures: Monumental Edition","","2021","7.286","3.7","3,4","Christian Marcussen","https://boardgamegeek.com/boardgame/299659/clash-of-cultures-monumental-edition"
"237","Aeon's End: Legacy","","2019","7.285","2.83","2","Jenny Iglesias,Nick Little (I),Kevin Riley","https://boardgamegeek.com/boardgame/241451/aeons-end-legacy"
"238","Return to Dark Tower","","2022","7.28","2.66","4","Tim Burrell-Saward,Isaac Childres,Noah Cohen,Rob Daviau","https://boardgamegeek.com/boardgame/256680/return-to-dark-tower"
"239","Star Realms: Colony Wars","","2015","7.28","1.9","2","Robert Dougherty,Darwin Kastle","https://boardgamegeek.com/boardgame/182631/star-realms-colony-wars"
"240","The Taverns of Tiefenthal","ティーフェンタールの酒場","2019","7.274","2.69","2,3","Wolfgang Warsch","https://boardgamegeek.com/boardgame/269207/the-taverns-of-tiefenthal"
"241","Paths of Glory","","1999","7.274","3.85","2","Ted Raicer","https://boardgamegeek.com/boardgame/91/paths-of-glory"
"242","YINSH","","2003","7.273","2.64","2","Kris Burm","https://boardgamegeek.com/boardgame/7854/yinsh"
"243","Coimbra","コインブラ","2018","7.273","3.26","3","Flaminia Brasini,Virginio Gigli","https://boardgamegeek.com/boardgame/245638/coimbra"
"244","Under Falling Skies","アンダー・フォーリング・スカイ","2020","7.272","2.4","1","Tomáš Uhlíř","https://boardgamegeek.com/boardgame/306735/under-falling-skies"
"245","Nations","","2013","7.271","3.54","3,4","Rustan Håkansson,Nina Håkansson,Einar Rosén,Robert Rosén","https://boardgamegeek.com/boardgame/126042/nations"
"246","Ticket to Ride","チケット・トゥ・ライド・アメリカ","2004","7.27","1.82","4","Alan R. Moon","https://boardgamegeek.com/boardgame/9209/ticket-to-ride"
"247","Near and Far","","2017","7.27","2.89","3","Ryan Laukat","https://boardgamegeek.com/boardgame/195421/near-and-far"
"248","Combat Commander: Europe","","2006","7.268","3.25","2","Chad Jensen","https://boardgamegeek.com/boardgame/21050/combat-commander-europe"
"249","Arkham Horror: The Card Game (Revised Edition)","","2021","7.268","3.77","2","Nate French,MJ Newman","https://boardgamegeek.com/boardgame/359609/arkham-horror-the-card-game-revised-edition"
"250","My City","マイシティ","2020","7.267","1.97","4","Reiner Knizia","https://boardgamegeek.com/boardgame/295486/my-city"
"251","Calico","キャリコ","2020","7.267","2.19","2","Kevin Russ","https://boardgamegeek.com/boardgame/283155/calico"
"252","Cyclades","","2009","7.266","2.82","4,5","Bruno Cathala,Ludovic Maublanc","https://boardgamegeek.com/boardgame/54998/cyclades"
"253","Secret Hitler","","2016","7.261","1.74","8,10","Mike Boxleiter,Tommy Maranges,Max Temkin","https://boardgamegeek.com/boardgame/188834/secret-hitler"
"254","Dinosaur Island","ダイナソー・アイランド　第２版","2017","7.26","3.04","3","Jonathan Gilmour-Long,Brian Lewis","https://boardgamegeek.com/boardgame/221194/dinosaur-island"
"255","KLASK","","2014","7.258","1.05","2","Mikkel Bertelsen","https://boardgamegeek.com/boardgame/165722/klask"
"256","La Granja","","2014","7.254","3.57","3","Michael Keller (II),Andreas "ode." Odendahl","https://boardgamegeek.com/boardgame/146886/la-granja"
"257","Codenames: Duet","コードネーム：デュエット","2017","7.252","1.36","2","Vlaada Chvátil,Scot Eaton","https://boardgamegeek.com/boardgame/224037/codenames-duet"
"258","John Company: Second Edition","","2022","7.249","4.44","4,5","Cole Wehrle","https://boardgamegeek.com/boardgame/332686/john-company-second-edition"
"259","Fantasy Realms","ファンタジー・レルムズ","2017","7.249","1.81","2,3","Bruce Glassco","https://boardgamegeek.com/boardgame/223040/fantasy-realms"
"260","Legendary: A Marvel Deck Building Game","","2012","7.246","2.43","3","Devin Low","https://boardgamegeek.com/boardgame/129437/legendary-a-marvel-deck-building-game"
"261","Century: Golem Edition","センチュリー：ゴーレム","2017","7.245","1.69","3,4","Emerson Matsuuchi","https://boardgamegeek.com/boardgame/232832/century-golem-edition"
"262","Camel Up (Second Edition)","キャメルアップ(2019年版)","2018","7.243","1.51","5,6","Steffen Bogen","https://boardgamegeek.com/boardgame/260605/camel-up-second-edition"
"263","Hanamikoji","花見小路","2013","7.241","1.68","2","Kota Nakayama (中山 宏太)","https://boardgamegeek.com/boardgame/158600/hanamikoji"
"264","Unmatched: Battle of Legends, Volume One","アンマッチド：バトル・オブ・レジェンド Vol.1","2019","7.239","1.92","2","Rob Daviau,Justin D. Jacobson","https://boardgamegeek.com/boardgame/274637/unmatched-battle-of-legends-volume-one"
"265","Deception: Murder in Hong Kong","","2014","7.238","1.58","6,8","Tobey Ho","https://boardgamegeek.com/boardgame/156129/deception-murder-in-hong-kong"
"266","Forest Shuffle","フォレストシャッフル","2023","7.237","2.18","2","Kosch","https://boardgamegeek.com/boardgame/391163/forest-shuffle"
"267","Zombicide: Black Plague","ゾンビサイド ブラック・プレイグ","2015","7.237","2.48","3","Raphaël Guiton,Jean-Baptiste Lullien,Nicolas Raoult","https://boardgamegeek.com/boardgame/176189/zombicide-black-plague"
"268","Sushi Go Party!","スシゴーパーティ","2016","7.235","1.31","4,5","Phil Walker-Harding","https://boardgamegeek.com/boardgame/192291/sushi-go-party"
"269","MicroMacro: Crime City","ミクロマクロ：クライムシティ","2020","7.234","1.1","2","Johannes Sich","https://boardgamegeek.com/boardgame/318977/micromacro-crime-city"
"270","Flamme Rouge","","2016","7.231","1.69","4","Asger Harding Granerud","https://boardgamegeek.com/boardgame/199478/flamme-rouge"
"271","The Princes of Florence","フィレンツェの匠","2000","7.23","3.24","5","Wolfgang Kramer,Richard Ulrich,Jens Christopher Ulrich","https://boardgamegeek.com/boardgame/555/the-princes-of-florence"
"272","Roll Player","ロールプレイヤー","2016","7.229","2.43","3","Keith Matejka","https://boardgamegeek.com/boardgame/169426/roll-player"
"273","Isle of Skye: From Chieftain to King","アイル・オブ・スカイ:族長から王へ 日本語版","2015","7.228","2.26","3,4","Andreas Pelikan,Alexander Pfister","https://boardgamegeek.com/boardgame/176494/isle-of-skye-from-chieftain-to-king"
"274","Hallertau","ハラータウ","2020","7.225","3.3","2","Uwe Rosenberg","https://boardgamegeek.com/boardgame/300322/hallertau"
"275","Samurai","サムライ・ボードゲーム","1998","7.225","2.45","3","Reiner Knizia","https://boardgamegeek.com/boardgame/3/samurai"
"276","Vindication","","2018","7.224","3.09","4","Marc Neidlinger","https://boardgamegeek.com/boardgame/224783/vindication"
"277","Glory to Rome","","2005","7.224","2.93","3,4","Ed Carter (III),Carl Chudyk","https://boardgamegeek.com/boardgame/19857/glory-to-rome"
"278","Kanban: Driver's Edition","","2014","7.219","4.36","3,4","Vital Lacerda","https://boardgamegeek.com/boardgame/109276/kanban-drivers-edition"
"279","Hero Realms","","2016","7.217","1.85","2","Robert Dougherty,Darwin Kastle","https://boardgamegeek.com/boardgame/198994/hero-realms"
"280","Santorini","","2016","7.217","1.72","2","Gord!","https://boardgamegeek.com/boardgame/194655/santorini"
"281","Western Legends","","2018","7.216","2.85","4","Hervé Lemaître","https://boardgamegeek.com/boardgame/232405/western-legends"
"282","Pulsar 2849","パルサー2849","2017","7.216","3.34","4","Vladimír Suchý","https://boardgamegeek.com/boardgame/228341/pulsar-2849"
"283","Goa: A New Expedition","","2004","7.216","3.37","4","Rüdiger Dorn","https://boardgamegeek.com/boardgame/9216/goa-a-new-expedition"
"284","Tapestry","タペストリー ～文明の錦の御旗～","2019","7.214","2.95","3","Jamey Stegmaier","https://boardgamegeek.com/boardgame/286096/tapestry"
"285","1830: Railways & Robber Barons","","1986","7.213","4.16","4,5","Bruce Shelley,Francis Tresham","https://boardgamegeek.com/boardgame/421/1830-railways-and-robber-barons"
"286","Shogun","","2006","7.206","3.37","4,5","Dirk Henn","https://boardgamegeek.com/boardgame/20551/shogun"
"287","Galaxy Trucker","","2007","7.206","2.33","4","Vlaada Chvátil","https://boardgamegeek.com/boardgame/31481/galaxy-trucker"
"288","Anno 1800: The Board Game","","2020","7.205","3.12","3","Martin Wallace","https://boardgamegeek.com/boardgame/311193/anno-1800-the-board-game"
"289","Detective: A Modern Crime Board Game","","2018","7.203","2.74","2","Jakub Łapot,Przemysław Rymer,Ignacy Trzewiczek","https://boardgamegeek.com/boardgame/223321/detective-a-modern-crime-board-game"
"290","Endless Winter: Paleoamericans","","2022","7.201","3.31","3","Stan Kordonskiy","https://boardgamegeek.com/boardgame/305096/endless-winter-paleoamericans"
"291","Viticulture","","2013","7.199","2.94","3,4","Jamey Stegmaier,Alan Stone","https://boardgamegeek.com/boardgame/128621/viticulture"
"292","1960: The Making of the President","","2007","7.199","3.2","2","Christian Leonhard,Jason Matthews","https://boardgamegeek.com/boardgame/27708/1960-the-making-of-the-president"
"293","Chronicles of Crime","クロニクル・オブ・クライム","2018","7.196","2.06","2","David Cicurel","https://boardgamegeek.com/boardgame/239188/chronicles-of-crime"
"294","Lewis & Clark: The Expedition","","2013","7.193","3.32","3","Cédrick Chaboussit","https://boardgamegeek.com/boardgame/140620/lewis-and-clark-the-expedition"
"295","Mind MGMT: The Psychic Espionage “Game.”","","2021","7.19","2.92","2,3","Jay Cormier,Sen-Foong Lim","https://boardgamegeek.com/boardgame/284653/mind-mgmt-the-psychic-espionage-game"
"296","Bitoku","","2021","7.188","3.74","3","Germán P. Millán","https://boardgamegeek.com/boardgame/323612/bitoku"
"297","Monikers","","2015","7.188","1.1","6,8,10","Alex Hague,Justin Vickers","https://boardgamegeek.com/boardgame/156546/monikers"
"298","Bora Bora","","2013","7.187","3.73","4","Stefan Feld","https://boardgamegeek.com/boardgame/127060/bora-bora"
"299","Oath","","2021","7.186","4.12","4","Cole Wehrle","https://boardgamegeek.com/boardgame/291572/oath"
"300","Steam","","2009","7.186","3.46","4","Martin Wallace","https://boardgamegeek.com/boardgame/27833/steam"
"301","Kingdomino","キングドミノ","2016","7.186","1.23","2,4","Bruno Cathala","https://boardgamegeek.com/boardgame/204583/kingdomino"
"302","Battle Line","バトルライン","2000","7.183","1.89","2","Reiner Knizia","https://boardgamegeek.com/boardgame/760/battle-line"
"303","Kemet: Blood and Sand","","2021","7.183","3.19","4","Jacques Bariot,Guillaume Montiage","https://boardgamegeek.com/boardgame/297562/kemet-blood-and-sand"
"304","Marvel United","マーベルユナイテッド","2020","7.181","1.81","3","Andrea Chiarvesio,Eric M. Lang","https://boardgamegeek.com/boardgame/298047/marvel-united"
"305","Star Realms: Frontiers","","2018","7.179","1.87","2","Robert Dougherty,Darwin Kastle","https://boardgamegeek.com/boardgame/230253/star-realms-frontiers"
"306","Tiletum","ティルトゥム","2022","7.179","3.42","2,3","Simone Luciani,Daniele Tascini","https://boardgamegeek.com/boardgame/351913/tiletum"
"307","T.I.M.E Stories","T.I.MEストーリーズ","2015","7.177","2.59","4","Peggy Chassenet,Manuel Rozoy","https://boardgamegeek.com/boardgame/146508/time-stories"
"308","Rococo","ロココの仕立屋","2013","7.175","3.09","3","Matthias Cramer,Stefan Malz,Louis Malz","https://boardgamegeek.com/boardgame/144344/rococo"
"309","Hive","","2001","7.175","2.31","2","John Yianni","https://boardgamegeek.com/boardgame/2655/hive"
"310","Forgotten Waters","","2020","7.174","2.1","5","Mr. Bistro,J. Arthur Ellis,Isaac Vega","https://boardgamegeek.com/boardgame/302723/forgotten-waters"
"311","Dice Throne: Season Two – Battle Chest","","2018","7.172","2.14","2","Nate Chatellier,Manny Trembley","https://boardgamegeek.com/boardgame/244271/dice-throne-season-two-battle-chest"
"312","Cryptid","クリプティッド","2018","7.172","2.27","4","Hal Duncan,Ruth Veevers","https://boardgamegeek.com/boardgame/246784/cryptid"
"313","Cthulhu Wars","クトゥルフ・ウォーズ","2015","7.171","3.15","4","Sandy Petersen,Lincoln Petersen","https://boardgamegeek.com/boardgame/139976/cthulhu-wars"
"314","Ethnos","エスノス","2017","7.17","2.1","4","Paolo Mori","https://boardgamegeek.com/boardgame/206718/ethnos"
"315","So Clover!","ことばのクローバー！","2021","7.17","1.11","3,4","François Romain","https://boardgamegeek.com/boardgame/329839/so-clover"
"316","Skull King","スカルキング","2013","7.168","1.72","4,6","Brent Beck,Jeffrey Beck","https://boardgamegeek.com/boardgame/150145/skull-king"
"317","Aeon's End: The New Age","","2019","7.167","2.94","2","Jenny Iglesias,Nick Little (I),Kevin Riley","https://boardgamegeek.com/boardgame/270633/aeons-end-the-new-age"
"318","Dixit: Odyssey","ディクシット：オデッセイ","2011","7.166","1.16","6","Jean-Louis Roubira","https://boardgamegeek.com/boardgame/92828/dixit-odyssey"
"319","Seasons","十二季節の魔法使い","2012","7.166","2.78","2","Régis Bonnessée","https://boardgamegeek.com/boardgame/108745/seasons"
"320","Arcadia Quest","","2014","7.163","2.53","4","Thiago Aranha,Guilherme Goulart,Eric M. Lang,Fred Perret","https://boardgamegeek.com/boardgame/155068/arcadia-quest"
"321","Long Shot: The Dice Game","","2022","7.159","1.92","4,5","Chris Handy (I)","https://boardgamegeek.com/boardgame/295374/long-shot-the-dice-game"
"322","Turing Machine","チューリングマシン","2022","7.157","2.44","1","Fabien Gridel,Yoann Levet","https://boardgamegeek.com/boardgame/356123/turing-machine"
"323","The Manhattan Project: Energy Empire","","2016","7.154","3.04","4","Tom Jolly,Luke Laurie","https://boardgamegeek.com/boardgame/176734/the-manhattan-project-energy-empire"
"324","Imperial","","2006","7.152","3.56","4","Mac Gerdts","https://boardgamegeek.com/boardgame/24181/imperial"
"325","Navegador","ナヴェガドール","2010","7.15","3.08","4","Mac Gerdts","https://boardgamegeek.com/boardgame/66589/navegador"
"326","Indonesia","","2005","7.15","3.98","4","Jeroen Doumen,Joris Wiersinga","https://boardgamegeek.com/boardgame/19777/indonesia"
"327","Telestrations","テレストレーション","2009","7.149","1.07","8","(Uncredited)","https://boardgamegeek.com/boardgame/46213/telestrations"
"328","Onitama","","2014","7.149","1.64","2","Shimpei Sato","https://boardgamegeek.com/boardgame/160477/onitama"
"329","Arkham Horror (Third Edition)","アーカムホラー　第３版","2018","7.147","3.35","3","Nikki Valens","https://boardgamegeek.com/boardgame/257499/arkham-horror-third-edition"
"330","Distilled","","2023","7.147","2.97","3","Dave Beck","https://boardgamegeek.com/boardgame/295895/distilled"
"331","Foundations of Rome","","2022","7.143","1.95","3,4","Emerson Matsuuchi","https://boardgamegeek.com/boardgame/284189/foundations-of-rome"
"332","Lost Cities","ロストシティ","1999","7.142","1.48","2","Reiner Knizia","https://boardgamegeek.com/boardgame/50/lost-cities"
"333","Dungeon Petz","","2011","7.141","3.62","4","Vlaada Chvátil","https://boardgamegeek.com/boardgame/97207/dungeon-petz"
"334","Sea Salt & Paper","シーソルト＆ペーパー","2022","7.141","1.47","2","Bruno Cathala,Théo Rivière","https://boardgamegeek.com/boardgame/367220/sea-salt-and-paper"
"335","Love Letter","","2019","7.137","1.12","4","Seiji Kanai","https://boardgamegeek.com/boardgame/277085/love-letter"
"336","For Sale","フォーセール","1997","7.136","1.25","5","Stefan Dorra","https://boardgamegeek.com/boardgame/172/for-sale"
"337","Power Grid Deluxe: Europe/North America","新電力会社　デラックス　完全日本語版","2014","7.135","3.19","4,5","Friedemann Friese","https://boardgamegeek.com/boardgame/155873/power-grid-deluxe-europenorth-america"
"338","Space Alert","スペース・アラート","2008","7.135","2.97","4,5","Vlaada Chvátil","https://boardgamegeek.com/boardgame/38453/space-alert"
"339","Age of Empires III: The Age of Discovery","","2007","7.134","3.12","4,5","Glenn Drover","https://boardgamegeek.com/boardgame/22545/age-of-empires-iii-the-age-of-discovery"
"340","Imperium: Classics","帝国の時代：インペリウム・クラシック","2021","7.134","3.6","1,2","Nigel Buckle,Dávid Turczi","https://boardgamegeek.com/boardgame/318184/imperium-classics"
"341","Apiary","エイピアリー","2023","7.132","2.96","3","Connie Vogelmann","https://boardgamegeek.com/boardgame/400314/apiary"
"342","Cloudspire","","2019","7.131","4.4","1,2","Josh J. Carlson,Adam Carlson,Josh Wielgus","https://boardgamegeek.com/boardgame/262211/cloudspire"
"343","The King's Dilemma","キングスジレンマ","2019","7.13","2.24","5","Hjalmar Hach,Lorenzo Silva","https://boardgamegeek.com/boardgame/245655/the-kings-dilemma"
"344","Cat in the Box: Deluxe Edition","","2022","7.13","2.04","4","Muneyuki Yokouchi (横内宗幸)","https://boardgamegeek.com/boardgame/345972/cat-in-the-box-deluxe-edition"
"345","The King Is Dead: Second Edition","","2020","7.129","2.14","3","Peer Sylvester","https://boardgamegeek.com/boardgame/319966/the-king-is-dead-second-edition"
"346","The Great Zimbabwe","","2012","7.129","3.69","4","Jeroen Doumen,Joris Wiersinga","https://boardgamegeek.com/boardgame/111341/the-great-zimbabwe"
"347","Acquire","アクワイア","1963","7.128","2.49","4","Sid Sackson","https://boardgamegeek.com/boardgame/5/acquire"
"348","Imperial Settlers","インペリアル・セトラーズ","2014","7.127","2.77","2","Ignacy Trzewiczek","https://boardgamegeek.com/boardgame/154203/imperial-settlers"
"349","Nemo's War (Second Edition)","ネモの戦い ～海底二万マイルを超えて～","2017","7.126","3.28","1","Chris Taylor (I)","https://boardgamegeek.com/boardgame/187617/nemos-war-second-edition"
"350","Survive: Escape from Atlantis!","アイランド","1982","7.126","1.69","4","Julian Courtland-Smith","https://boardgamegeek.com/boardgame/2653/survive-escape-from-atlantis"
"351","Love Letter","ラブレター","2012","7.125","1.18","4","Seiji Kanai","https://boardgamegeek.com/boardgame/129622/love-letter"
"352","Glass Road","グラスロード","2013","7.124","2.95","2","Uwe Rosenberg","https://boardgamegeek.com/boardgame/143693/glass-road"
"353","Fury of Dracula (Third/Fourth Edition)","ドラキュラの逆襲","2015","7.122","3.28","3,5","Frank Brooks,Stephen Hand,Kevin Wilson","https://boardgamegeek.com/boardgame/181279/fury-of-dracula-thirdfourth-edition"
"354","Tikal","","1999","7.121","2.78","4","Michael Kiesling,Wolfgang Kramer","https://boardgamegeek.com/boardgame/54/tikal"
"355","The Witcher: Old World","","2023","7.121","2.87","2,3","Łukasz Woźniak","https://boardgamegeek.com/boardgame/331106/the-witcher-old-world"
"356","Bunny Kingdom","バニーキングダム","2017","7.119","2.3","4","Richard Garfield","https://boardgamegeek.com/boardgame/184921/bunny-kingdom"
"357","Summoner Wars: Master Set","","2011","7.118","2.52","2","Colby Dauch","https://boardgamegeek.com/boardgame/93260/summoner-wars-master-set"
"358","Century: Spice Road","センチュリー・スパイスロード","2017","7.118","1.8","3,4","Emerson Matsuuchi","https://boardgamegeek.com/boardgame/209685/century-spice-road"
"359","Summoner Wars (Second Edition)","","2021","7.117","2.6","2","Colby Dauch","https://boardgamegeek.com/boardgame/332800/summoner-wars-second-edition"
"360","Bruges","ブリュージュ","2013","7.116","2.75","3","Stefan Feld","https://boardgamegeek.com/boardgame/136888/bruges"
"361","Imperial 2030","","2009","7.116","3.51","4","Mac Gerdts","https://boardgamegeek.com/boardgame/54138/imperial-2030"
"362","Awkward Guests: The Walton Case","厄介なゲストたち：ウォルトン氏殺害事件","2016","7.114","2.33","4","Ron Gonzalo García","https://boardgamegeek.com/boardgame/188866/awkward-guests-the-walton-case"
"363","Heaven & Ale","ヘブン＆エール","2017","7.113","3.17","4","Michael Kiesling,Andreas Schmidt","https://boardgamegeek.com/boardgame/227789/heaven-and-ale"
"364","Destinies","デスティニーズ","2021","7.113","1.92","2","Michał Gołąb Gołębiowski,Filip Miłuński","https://boardgamegeek.com/boardgame/285192/destinies"
"365","Tiny Epic Galaxies","","2015","7.112","2.15","3","Scott Almes","https://boardgamegeek.com/boardgame/163967/tiny-epic-galaxies"
"366","Alien Frontiers","エイリアン・フロンティア 日本語版","2010","7.109","2.57","3,4","Tory Niemann","https://boardgamegeek.com/boardgame/48726/alien-frontiers"
"367","Nusfjord","ヌースフィヨルド","2017","7.108","2.85","1,3","Uwe Rosenberg","https://boardgamegeek.com/boardgame/234277/nusfjord"
"368","Runewars","","2010","7.107","3.78","4","Corey Konieczka","https://boardgamegeek.com/boardgame/59294/runewars"
"369","Chinatown","","1999","7.107","2.23","5","Karsten Hartwig","https://boardgamegeek.com/boardgame/47/chinatown"
"370","Wayfarers of the South Tigris","","2022","7.104","3.8","2","S J Macdonald,Shem Phillips","https://boardgamegeek.com/boardgame/350316/wayfarers-of-the-south-tigris"
"371","Exit: The Game – The Abandoned Cabin","EXIT 脱出：ザ・ゲーム 荒れ果てた小屋","2016","7.104","2.55","2","Inka Brand,Markus Brand","https://boardgamegeek.com/boardgame/203420/exit-the-game-the-abandoned-cabin"
"372","Project L","","2020","7.102","1.55","2,3","Michal Mikeš,Jan Soukal,Adam Španěl","https://boardgamegeek.com/boardgame/260180/project-l"
"373","Small World","スモールワールド","2009","7.101","2.35","4","Philippe Keyaerts","https://boardgamegeek.com/boardgame/40692/small-world"
"374","Burgle Bros.","","2015","7.099","2.31","3","Tim Fowers","https://boardgamegeek.com/boardgame/172081/burgle-bros"
"375","Flamecraft","フレイムクラフト","2022","7.096","2.19","3","Manny Vega","https://boardgamegeek.com/boardgame/336986/flamecraft"
"376","Raiders of Scythia","スキタイの侵略者","2020","7.096","2.76","3","Shem Phillips","https://boardgamegeek.com/boardgame/301880/raiders-of-scythia"
"377","Merchants & Marauders","","2010","7.096","3.25","4","Kasper Aagaard,Christian Marcussen","https://boardgamegeek.com/boardgame/25292/merchants-and-marauders"
"378","Above and Below","アバブ&ビロウ","2015","7.096","2.52","3","Ryan Laukat","https://boardgamegeek.com/boardgame/172818/above-and-below"
"379","Dead of Winter: The Long Night","","2016","7.095","3.35","4","Jonathan Gilmour-Long,Isaac Vega","https://boardgamegeek.com/boardgame/193037/dead-of-winter-the-long-night"
"380","Arboretum","","2015","7.094","2.13","2","Dan Cassar","https://boardgamegeek.com/boardgame/140934/arboretum"
"381","Innovation","イノベーション","2010","7.094","2.77","2","Carl Chudyk","https://boardgamegeek.com/boardgame/63888/innovation"
"382","Neuroshima Hex! 3.0","","2006","7.093","2.61","2","Michał Oracz","https://boardgamegeek.com/boardgame/21241/neuroshima-hex-30"
"383","Bonfire","黄昏の篝火","2020","7.093","3.63","3","Stefan Feld","https://boardgamegeek.com/boardgame/304420/bonfire"
"384","Antiquity","","2004","7.091","4.32","2,3","Jeroen Doumen,Joris Wiersinga","https://boardgamegeek.com/boardgame/13122/antiquity"
"385","Mission: Red Planet (Second/Third Edition)","","2015","7.088","2.2","4","Bruno Cathala,Bruno Faidutti","https://boardgamegeek.com/boardgame/176920/mission-red-planet-secondthird-edition"
"386","Bärenpark","クマ牧場","2017","7.087","1.66","4","Phil Walker-Harding","https://boardgamegeek.com/boardgame/219513/barenpark"
"387","Sid Meier's Civilization: The Board Game","シドマイヤーズ・シヴィライゼーション：ボードゲーム","2010","7.086","3.9","4","Kevin Wilson","https://boardgamegeek.com/boardgame/77130/sid-meiers-civilization-the-board-game"
"388","Furnace","","2020","7.086","2.32","3,4","Ivan Lashin","https://boardgamegeek.com/boardgame/318084/furnace"
"389","Sidereal Confluence","","2017","7.085","3.54","6","TauCeti Deichmann","https://boardgamegeek.com/boardgame/202426/sidereal-confluence"
"390","Letters from Whitechapel","ホワイトチャペル","2011","7.084","2.65","2","Gabriele Mari,Gianluca Santopietro","https://boardgamegeek.com/boardgame/59959/letters-from-whitechapel"
"391","Tekhenu: Obelisk of the Sun","","2020","7.084","4.06","3","Daniele Tascini,Dávid Turczi","https://boardgamegeek.com/boardgame/297030/tekhenu-obelisk-of-the-sun"
"392","Dungeon Lords","ダンジョン・ロード","2009","7.083","3.57","4","Vlaada Chvátil","https://boardgamegeek.com/boardgame/45315/dungeon-lords"
"393","Dixit","ディクシット","2008","7.083","1.2","5,6","Jean-Louis Roubira","https://boardgamegeek.com/boardgame/39856/dixit"
"394","Gizmos","ギズモ第2版","2018","7.082","2.02","3","Phil Walker-Harding","https://boardgamegeek.com/boardgame/246192/gizmos"
"395","Mindbug: First Contact","","2022","7.081","1.95","2","Skaff Elias,Richard Garfield,Marvin Hegen,Christian Kudahl","https://boardgamegeek.com/boardgame/345584/mindbug-first-contact"
"396","BattleLore: Second Edition","","2013","7.079","2.72","2","Richard Borg,Robert A. Kouba","https://boardgamegeek.com/boardgame/146439/battlelore-second-edition"
"397","Harry Potter: Hogwarts Battle","","2016","7.076","2.08","2,4","Sean Fletcher,Forrest-Pruzan Creative,Kami Mandell,Andrew Wolf","https://boardgamegeek.com/boardgame/199042/harry-potter-hogwarts-battle"
"398","Takenoko","タケノコ","2011","7.075","1.98","3","Antoine Bauza","https://boardgamegeek.com/boardgame/70919/takenoko"
"399","Ginkgopolis","銀杏都市（ギンコポリス）","2012","7.073","2.91","2,3","Xavier Georges","https://boardgamegeek.com/boardgame/128271/ginkgopolis"
"400","Marvel United: X-Men","","2021","7.073","1.96","3","Andrea Chiarvesio,Eric M. Lang,Francesco Rugerfred Sedda","https://boardgamegeek.com/boardgame/336382/marvel-united-x-men"
"401","Dorfromantik: The Board Game","ドーフロマンティック　ボードゲーム","2022","7.073","1.67","1,2","Michael Palm,Lukas Zach","https://boardgamegeek.com/boardgame/370591/dorfromantik-the-board-game"
"402","Pax Renaissance: 2nd Edition","","2021","7.071","4.61","2,3","Phil Eklund,Matt Eklund","https://boardgamegeek.com/boardgame/308119/pax-renaissance-2nd-edition"
"403","Thunder Road: Vendetta","","2023","7.07","1.93","4","Dave Chalker,Brett Myers","https://boardgamegeek.com/boardgame/342070/thunder-road-vendetta"
"404","Mysterium","ミステリウム","2015","7.069","1.89","5,6","Oleksandr Nevskiy,Oleg Sidorenko","https://boardgamegeek.com/boardgame/181304/mysterium"
"405","Ghost Stories","","2008","7.067","2.9","4","Antoine Bauza","https://boardgamegeek.com/boardgame/37046/ghost-stories"
"406","Faraway","ファラウェイ","2023","7.066","1.87","2,3","Johannes Goupy,Corentin Lebrat","https://boardgamegeek.com/boardgame/385761/faraway"
"407","The Resistance","レジスタンス","2009","7.065","1.59","7","Don Eskridge","https://boardgamegeek.com/boardgame/41114/the-resistance"
"408","Lords of Hellas","","2018","7.064","3.33","4","Adam Kwapiński","https://boardgamegeek.com/boardgame/222509/lords-of-hellas"
"409","San Juan","サンファン","2004","7.063","2.29","3","Andreas Seyfarth","https://boardgamegeek.com/boardgame/8217/san-juan"
"410","Agricola: All Creatures Big and Small","アグリコラ：牧場の動物たち","2012","7.063","2.35","2","Uwe Rosenberg","https://boardgamegeek.com/boardgame/119890/agricola-all-creatures-big-and-small"
"411","Abyss","","2014","7.062","2.32","4","Bruno Cathala,Charles Chevallier","https://boardgamegeek.com/boardgame/155987/abyss"
"412","Carpe Diem","","2018","7.062","2.51","3","Stefan Feld","https://boardgamegeek.com/boardgame/245934/carpe-diem"
"413","Star Wars: Armada","","2015","7.062","3.16","2","James Kniffen,Christian T. Petersen","https://boardgamegeek.com/boardgame/163745/star-wars-armada"
"414","Maria","","2009","7.062","3.59","3","Richard Sivél","https://boardgamegeek.com/boardgame/40354/maria"
"415","Blood Bowl: Team Manager – The Card Game","","2011","7.061","2.34","4","Jay Little","https://boardgamegeek.com/boardgame/90137/blood-bowl-team-manager-the-card-game"
"416","Air, Land & Sea","","2019","7.06","1.69","2","Jon Perry","https://boardgamegeek.com/boardgame/247367/air-land-and-sea"
"417","51st State: Master Set","","2016","7.06","2.9","2","Ignacy Trzewiczek","https://boardgamegeek.com/boardgame/192458/51st-state-master-set"
"418","Hannibal: Rome vs. Carthage","","1996","7.06","3.45","2","Mark Simonitch","https://boardgamegeek.com/boardgame/234/hannibal-rome-vs-carthage"
"419","Dead Reckoning","","2022","7.058","3.43","3","John D. Clair","https://boardgamegeek.com/boardgame/276182/dead-reckoning"
"420","Schotten Totten","","1999","7.057","1.69","2","Reiner Knizia","https://boardgamegeek.com/boardgame/372/schotten-totten"
"421","Frostpunk: The Board Game","","2022","7.055","4.35","1","Adam Kwapiński","https://boardgamegeek.com/boardgame/311988/frostpunk-the-board-game"
"422","Altiplano","ボードゲーム アルティプラーノ","2017","7.055","3.29","3","Reiner Stockhausen","https://boardgamegeek.com/boardgame/234487/altiplano"
"423","Unmatched: Robin Hood vs. Bigfoot","","2019","7.053","1.9","2","Rob Daviau,Justin D. Jacobson","https://boardgamegeek.com/boardgame/274638/unmatched-robin-hood-vs-bigfoot"
"424","Newton","","2018","7.051","3.38","3","Simone Luciani,Nestore Mangone","https://boardgamegeek.com/boardgame/244711/newton"
"425","Fall of Rome","パンデミック：ローマの落日","2018","7.05","2.46","3","Matt Leacock,Paolo Mori","https://boardgamegeek.com/boardgame/260428/fall-of-rome"
"426","The Guild of Merchant Explorers","ザ・ギルド・オブ・マーチャント・エクスプローラーズ","2022","7.05","2.04","2","Matthew Dunstan,Brett J. Gilbert","https://boardgamegeek.com/boardgame/350933/the-guild-of-merchant-explorers"
"427","Smartphone Inc.","","2018","7.049","2.77","5","Ivan Lashin","https://boardgamegeek.com/boardgame/246684/smartphone-inc"
"428","The Pillars of the Earth","","2006","7.049","2.81","4","Michael Rieneck,Stefan Stadler","https://boardgamegeek.com/boardgame/24480/the-pillars-of-the-earth"
"429","Notre Dame","","2007","7.048","2.74","3,4","Stefan Feld","https://boardgamegeek.com/boardgame/25554/notre-dame"
"430","Twice as Clever!","","2019","7.046","2.29","2","Wolfgang Warsch","https://boardgamegeek.com/boardgame/269210/twice-as-clever"
"431","Expeditions","","2023","7.044","3.04","3","Jamey Stegmaier","https://boardgamegeek.com/boardgame/379078/expeditions"
"432","Mage Wars Arena","","2012","7.042","3.68","2","Bryan Pope,Benjamin Pope","https://boardgamegeek.com/boardgame/101721/mage-wars-arena"
"433","The Lord of the Rings: The Card Game – Revised Core Set","","2022","7.041","3.57","1,2","Nate French","https://boardgamegeek.com/boardgame/349067/the-lord-of-the-rings-the-card-game-revised-core-s"
"434","At the Gates of Loyang","洛陽の門にて","2009","7.04","3.11","2","Uwe Rosenberg","https://boardgamegeek.com/boardgame/39683/at-the-gates-of-loyang"
"435","The Godfather: Corleone's Empire","","2017","7.039","2.65","4","Eric M. Lang","https://boardgamegeek.com/boardgame/195539/the-godfather-corleones-empire"
"436","Gùgōng","","2018","7.037","3.07","3","Andreas Steding","https://boardgamegeek.com/boardgame/250458/gugong"
"437","Saint Petersburg","","2004","7.036","2.44","4","Bernd Brunnhofer","https://boardgamegeek.com/boardgame/9217/saint-petersburg"
"438","Marrakesh","マラケシュ","2022","7.027","3.4","3","Stefan Feld","https://boardgamegeek.com/boardgame/342810/marrakesh"
"439","Arkham Horror","アーカムホラー","2005","7.026","3.58","4","Richard Launius,Kevin Wilson","https://boardgamegeek.com/boardgame/15987/arkham-horror"
"440","Blitzkrieg!: World War Two in 20 Minutes","","2019","7.026","1.93","2","Paolo Mori","https://boardgamegeek.com/boardgame/258210/blitzkrieg-world-war-two-in-20-minutes"
"441","King of Tokyo","キング・オブ・トーキョー","2011","7.025","1.49","4,5","Richard Garfield","https://boardgamegeek.com/boardgame/70323/king-of-tokyo"
"442","Honey Buzz","ハニーバズ","2020","7.024","2.73","3","Paul Salomon","https://boardgamegeek.com/boardgame/284742/honey-buzz"
"443","Downforce","ダウンフォース","2017","7.023","1.72","3,6","Rob Daviau,Justin D. Jacobson,Wolfgang Kramer","https://boardgamegeek.com/boardgame/215311/downforce"
"444","Die Macher","","1986","7.022","4.31","5","Karl-Heinz Schmiel","https://boardgamegeek.com/boardgame/1/die-macher"
"445","Cartographers Heroes","カートグラファー 勇者たちの門出","2021","7.021","2.01","3,4","Jordy Adan,John Brieger","https://boardgamegeek.com/boardgame/315767/cartographers-heroes"
"446","Dice Forge","ダイスフォージ","2017","7.02","1.97","4","Régis Bonnessée","https://boardgamegeek.com/boardgame/194594/dice-forge"
"447","Endeavor","エンデバー","2009","7.019","2.91","4,5","Carl de Visser,Jarratt Gray","https://boardgamegeek.com/boardgame/33160/endeavor"
"448","In the Year of the Dragon","","2007","7.019","3.08","4,5","Stefan Feld","https://boardgamegeek.com/boardgame/31594/in-the-year-of-the-dragon"
"449","Chess","","1475","7.018","3.66","2","(Uncredited)","https://boardgamegeek.com/boardgame/171/chess"
"450","Skull","スカル","2011","7.018","1.12","5,6","Hervé Marly","https://boardgamegeek.com/boardgame/92415/skull"
"451","Akropolis","アクロポリス","2022","7.017","1.79","3","Jules Messaud","https://boardgamegeek.com/boardgame/357563/akropolis"
"452","Ticket to Ride: Märklin","","2006","7.017","2.24","4","Alan R. Moon","https://boardgamegeek.com/boardgame/21348/ticket-to-ride-marklin"
"453","London (Second Edition)","ロンドン","2017","7.016","2.73","3","Martin Wallace","https://boardgamegeek.com/boardgame/236191/london-second-edition"
"454","Tiny Towns","タイニータウン","2019","7.016","2.06","3","Peter McPherson","https://boardgamegeek.com/boardgame/265736/tiny-towns"
"455","Descent: Legends of the Dark","","2021","7.012","2.69","4","Kara Centell-Dunk,Nathan I. Hajek","https://boardgamegeek.com/boardgame/322708/descent-legends-of-the-dark"
"456","Cubitos","キュビトス","2021","7.012","2.17","4","John D. Clair","https://boardgamegeek.com/boardgame/298069/cubitos"
"457","Boonlake","ブーンレイク","2021","7.012","3.8","3","Alexander Pfister","https://boardgamegeek.com/boardgame/343905/boonlake"
"458","IKI","","2015","7.012","3.05","4","Koota Yamada","https://boardgamegeek.com/boardgame/177478/iki"
"459","Azul: Stained Glass of Sintra","アズール：シントラのステンドグラス","2018","7.011","2.01","3","Michael Kiesling","https://boardgamegeek.com/boardgame/256226/azul-stained-glass-of-sintra"
"460","Bruxelles 1893","","2013","7.01","3.58","4","Etienne Espreman","https://boardgamegeek.com/boardgame/144592/bruxelles-1893"
"461","San Juan (Second Edition)","サンファン2","2014","7.01","2.08","3","Andreas Seyfarth","https://boardgamegeek.com/boardgame/166669/san-juan-second-edition"
"462","Evolution: Climate","","2016","7.009","2.73","4","Dominic Crapuchettes,Dmitry Knorre,Sergey Machin","https://boardgamegeek.com/boardgame/182134/evolution-climate"
"463","King of Tokyo: Dark Edition","キング・オブ・トーキョー：ダークエディション","2020","7.009","1.61","4,5","Richard Garfield","https://boardgamegeek.com/boardgame/293141/king-of-tokyo-dark-edition"
"464","Codenames: Pictures","コードネーム：ピクチャーズ","2016","7.007","1.25","6","Vlaada Chvátil","https://boardgamegeek.com/boardgame/198773/codenames-pictures"
"465","Spartacus: A Game of Blood and Treachery","","2012","7.005","2.73","4","Aaron Dill,John Kovaleski,Sean Sweigart","https://boardgamegeek.com/boardgame/128671/spartacus-a-game-of-blood-and-treachery"
"466","Civilization","","1980","7.005","3.64","6,7","Francis Tresham","https://boardgamegeek.com/boardgame/71/civilization"
"467","Mythic Battles: Pantheon","","2017","7.005","3.05","2","Benoit Vogt","https://boardgamegeek.com/boardgame/186751/mythic-battles-pantheon"
"468","Here I Stand","","2006","7.005","4.19","6","Ed Beach","https://boardgamegeek.com/boardgame/17392/here-i-stand"
"469","Firefly: The Game","","2013","7.002","2.95","3","Aaron Dill,John Kovaleski,Sean Sweigart","https://boardgamegeek.com/boardgame/138161/firefly-the-game"
"470","Biblios","ビブリオス","2007","7.002","1.68","3","Steve Finn","https://boardgamegeek.com/boardgame/34219/biblios"
"471","Pan Am","","2020","7.001","2.41","3,4","Prospero Hall,Peter Lee","https://boardgamegeek.com/boardgame/303057/pan-am"
"472","Wavelength","ウェーブレングス","2019","6.999","1.11","6,8","Alex Hague,Justin Vickers,Wolfgang Warsch","https://boardgamegeek.com/boardgame/262543/wavelength"
"473","Keep the Heroes Out!","ヒーローお断り！","2022","6.999","2.47","2","Luís Brueh","https://boardgamegeek.com/boardgame/333255/keep-the-heroes-out"
"474","Sword & Sorcery","","2017","6.997","4.12","1,2","Simone Romano,Nunzio Surace","https://boardgamegeek.com/boardgame/170771/sword-and-sorcery"
"475","Ready Set Bet","","2022","6.997","1.33","6,8","John D. Clair","https://boardgamegeek.com/boardgame/351040/ready-set-bet"
"476","Santa Maria","","2017","6.993","3.03","3","Kristian Amundsen Østby,Eilif Svensson","https://boardgamegeek.com/boardgame/229220/santa-maria"
"477","Sherlock Holmes Consulting Detective: Jack the Ripper & West End Adventures","","2016","6.993","2.22","2","Suzanne Goldberg,Gary Grady,Jérôme Ropert","https://boardgamegeek.com/boardgame/204305/sherlock-holmes-consulting-detective-jack-the-ripp"
"478","Space Hulk (Third Edition)","","2009","6.992","2.79","2","Richard Halliwell","https://boardgamegeek.com/boardgame/54625/space-hulk-third-edition"
"479","The Great Wall","","2021","6.99","3.92","3","Kamil 'Sanex' Cieśla,Robert Plesowicz,Łukasz Włodarczyk","https://boardgamegeek.com/boardgame/292375/the-great-wall"
"480","Imperium: Legends","帝国の時代：インペリウム・レジェンド","2021","6.99","3.74","1,2","Nigel Buckle,Dávid Turczi","https://boardgamegeek.com/boardgame/318182/imperium-legends"
"481","Imperial Struggle","","2020","6.989","4.06","2","Ananda Gupta,Jason Matthews","https://boardgamegeek.com/boardgame/206480/imperial-struggle"
"482","Fresco","フレスコ","2010","6.988","2.63","4","Wolfgang Panning,Marco Ruskowski,Marcel Süßelbeck","https://boardgamegeek.com/boardgame/66188/fresco"
"483","Sprawlopolis","","2018","6.988","1.82","1","Steven Aramini,Danny Devine,Paul Kluka","https://boardgamegeek.com/boardgame/251658/sprawlopolis"
"484","Millennium Blades","","2016","6.988","3.65","3,4","D. Brad Talton, Jr.","https://boardgamegeek.com/boardgame/151347/millennium-blades"
"485","Clash of Cultures","","2012","6.984","3.6","3,4","Christian Marcussen","https://boardgamegeek.com/boardgame/40765/clash-of-cultures"
"486","Stockpile","","2015","6.983","2.12","4,5","Brett Sobol,Seth Van Orden","https://boardgamegeek.com/boardgame/161614/stockpile"
"487","Flash Point: Fire Rescue","フラッシュポイント：火災救助隊","2011","6.983","2.2","4","Kevin Lanzing","https://boardgamegeek.com/boardgame/100901/flash-point-fire-rescue"
"488","Macao","","2009","6.982","3.13","3","Stefan Feld","https://boardgamegeek.com/boardgame/55670/macao"
"489","Nippon","","2015","6.981","3.77","4","Nuno Bizarro Sentieiro,Paulo Soledade","https://boardgamegeek.com/boardgame/154809/nippon"
"490","Commands & Colors: Napoleonics","","2010","6.981","2.75","2","Richard Borg","https://boardgamegeek.com/boardgame/62222/commands-and-colors-napoleonics"
"491","Kingsburg","","2007","6.98","2.42","4","Andrea Chiarvesio,Luca Iennaco","https://boardgamegeek.com/boardgame/27162/kingsburg"
"492","Thunderstone Quest","","2018","6.98","2.86","2","Mike Elliott,Bryan Reese,Mark Wootton","https://boardgamegeek.com/boardgame/215341/thunderstone-quest"
"493","Mice and Mystics","マイス＆ミスティクス","2012","6.978","2.73","4","Jerry Hawthorne","https://boardgamegeek.com/boardgame/124708/mice-and-mystics"
"494","Dune","","1979","6.978","3.45","6","Bill Eberle,Jack Kittredge,Peter Olotka","https://boardgamegeek.com/boardgame/121/dune"
"495","Mandala","マンダラ","2019","6.975","1.78","2","Trevor Benjamin,Brett J. Gilbert","https://boardgamegeek.com/boardgame/264241/mandala"
"496","Claustrophobia","","2009","6.975","2.48","2","Croc","https://boardgamegeek.com/boardgame/36932/claustrophobia"
"497","Woodcraft","","2022","6.974","3.82","3","Ross Arnold,Vladimír Suchý","https://boardgamegeek.com/boardgame/355093/woodcraft"
"498","PitchCar","","1995","6.973","1.12","5,6","Jean du Poël","https://boardgamegeek.com/boardgame/150/pitchcar"
"499","Lord of the Rings: The Confrontation","","2005","6.973","2.19","2","Reiner Knizia,Eric M. Lang,Christian T. Petersen","https://boardgamegeek.com/boardgame/18833/lord-of-the-rings-the-confrontation"
"500","Advanced Squad Leader","","1985","6.971","4.75","2","Don Greenwood","https://boardgamegeek.com/boardgame/243/advanced-squad-leader"